atc_l1,atc_l1_name,metric,n_drugs,mean_delta,median_delta,std_delta,positive_fraction,wilcoxon_p_two_sided,holm_p_within_metric
A,Alimentary tract and metabolism,delta_DG_minus_D_AP,81,0.011157059776415776,0.0080179420817075,0.05037926734214924,0.5679012345679012,0.036786771091692864,0.36786771091692866
A,Alimentary tract and metabolism,delta_DG_minus_D_rare_AP,34,0.02010818210749608,0.0002528746328512,0.0894688114153613,0.5294117647058824,0.5134843902196735,1.0
A,Alimentary tract and metabolism,delta_DG_minus_D_middle_AP,47,0.015060757416301165,0.0010502908094705,0.17051002305055232,0.6808510638297872,0.032086750558292465,0.2566940044663397
A,Alimentary tract and metabolism,delta_DG_minus_D_nonhot100_AP,76,0.006794368406931422,0.00103442178433905,0.16718347854350352,0.5789473684210527,0.15153611507149553,0.7761184573173523
A,Alimentary tract and metabolism,delta_DG_minus_D_AUROC,81,0.003866724489608344,0.0033709716255434,0.011970964792534854,0.6296296296296297,0.00299187751984186,0.02094314263889302
A,Alimentary tract and metabolism,delta_DG_minus_D_nDCG@10,81,0.0007624562879185921,0.0,0.07690579275083138,0.4691358024691358,0.6327322588721587,1.0
A,Alimentary tract and metabolism,delta_DG_minus_D_P@15,81,0.0032921810699588537,0.0,0.07371207843728582,0.24691358024691357,0.5536995567435952,1.0
A,Alimentary tract and metabolism,delta_DG_minus_D_R@15,81,-0.005598382046976312,0.0,0.06567132774351363,0.24691358024691357,0.5272133391008538,1.0
B,Blood and blood forming organs,delta_DG_minus_D_AP,31,0.007236461807124164,0.0083177498033246,0.06401490866946508,0.6451612903225806,0.1756664952263236,1.0
B,Blood and blood forming organs,delta_DG_minus_D_rare_AP,18,0.0029839264869181677,-5.0564888111440196e-05,0.010244126759742152,0.4444444444444444,0.7987060546875,1.0
B,Blood and blood forming organs,delta_DG_minus_D_middle_AP,23,0.054578408840986144,0.0012589780222617,0.209037271896679,0.5652173913043478,0.18954229354858398,0.9477114677429199
B,Blood and blood forming organs,delta_DG_minus_D_nonhot100_AP,30,-0.014859524919251724,0.0012817808984766999,0.14530331004445468,0.7,0.12935307621955872,0.7761184573173523
B,Blood and blood forming organs,delta_DG_minus_D_AUROC,31,0.009913919158242917,0.0057215511760966,0.017858309524188713,0.7741935483870968,0.000378243625164032,0.003025949001312256
B,Blood and blood forming organs,delta_DG_minus_D_nDCG@10,31,-0.0309583794567435,-0.0058104337378256,0.0891105542854046,0.2903225806451613,0.07514902949333191,1.0
B,Blood and blood forming organs,delta_DG_minus_D_P@15,31,-0.01720430107526881,0.0,0.06878359394287945,0.25806451612903225,0.24125289916992188,1.0
B,Blood and blood forming organs,delta_DG_minus_D_R@15,31,-0.020848282170057773,0.0,0.08001433074335054,0.25806451612903225,0.25792694091796875,1.0
C,Cardiovascular system,delta_DG_minus_D_AP,111,0.007797052443214637,0.0011745724392348,0.03715877869269239,0.5135135135135135,0.06946533594812528,0.5557226875850022
C,Cardiovascular system,delta_DG_minus_D_rare_AP,50,0.013774063363083813,0.0005331546938569,0.07219977635512613,0.58,0.13045894629165566,1.0
C,Cardiovascular system,delta_DG_minus_D_middle_AP,65,0.0025986462406372606,0.0006197114658716,0.16525293487420314,0.5538461538461539,0.34571253321084827,1.0
C,Cardiovascular system,delta_DG_minus_D_nonhot100_AP,102,0.006663864984719943,0.00430661766441895,0.05572511550819359,0.6372549019607843,0.003987083578971695,0.04784500294766034
C,Cardiovascular system,delta_DG_minus_D_AUROC,111,0.003382866250993081,0.0032712915961646,0.01933240300434807,0.6756756756756757,0.00021946093856356003,0.0019751484470720403
C,Cardiovascular system,delta_DG_minus_D_nDCG@10,111,0.004996378450476351,0.0,0.06108928230584407,0.3963963963963964,0.4996241451169583,1.0
C,Cardiovascular system,delta_DG_minus_D_P@15,111,-0.004804804804804802,0.0,0.06649171693638552,0.1981981981981982,0.4605686303180647,1.0
C,Cardiovascular system,delta_DG_minus_D_R@15,111,-0.00890232698273691,0.0,0.05119547482304542,0.1981981981981982,0.08396339374022688,1.0
D,Dermatologicals,delta_DG_minus_D_AP,47,0.0049774505196051285,0.0006717011375201,0.03513824670402832,0.5531914893617021,0.46558182628133693,1.0
D,Dermatologicals,delta_DG_minus_D_rare_AP,36,0.024631829758544388,4.887090797064952e-05,0.1428468110770225,0.5,0.4059716397896409,1.0
D,Dermatologicals,delta_DG_minus_D_middle_AP,38,-0.0024073360685519765,0.0007839998854435001,0.07090290912162822,0.6052631578947368,0.3279708704649238,1.0
D,Dermatologicals,delta_DG_minus_D_nonhot100_AP,46,-0.007808869695424088,0.00106189061874825,0.07942113088937136,0.6521739130434783,0.18073375025900873,0.7761184573173523
D,Dermatologicals,delta_DG_minus_D_AUROC,47,0.0031629346548856024,0.0046675774134791,0.017153628071072156,0.6170212765957447,0.06444808175221794,0.2577923270088718
D,Dermatologicals,delta_DG_minus_D_nDCG@10,47,0.003048356610230977,0.0,0.06337661436613759,0.2978723404255319,0.9192965272814035,1.0
D,Dermatologicals,delta_DG_minus_D_P@15,47,-0.01843971631205674,0.0,0.07702453045429883,0.1702127659574468,0.12807846069335938,1.0
D,Dermatologicals,delta_DG_minus_D_R@15,47,-0.01288967293583902,0.0,0.08459612693188741,0.1702127659574468,0.35541629791259766,1.0
G,Genito-urinary system and sex hormones,delta_DG_minus_D_AP,50,0.01857324922363279,0.0073899071826418,0.053946814450077596,0.64,0.025500083179634814,0.28050091497598295
G,Genito-urinary system and sex hormones,delta_DG_minus_D_rare_AP,26,0.05232600462471278,8.746045701539839e-05,0.1872852826373461,0.5384615384615384,0.2269585132598877,1.0
G,Genito-urinary system and sex hormones,delta_DG_minus_D_middle_AP,35,0.01997338573069247,0.0044802867383512,0.08831589170308776,0.7142857142857143,0.032772131147794425,0.2566940044663397
G,Genito-urinary system and sex hormones,delta_DG_minus_D_nonhot100_AP,49,0.0075715898914380415,0.0045796061732237,0.09124063092370259,0.673469387755102,0.011629919877584882,0.1279291186534337
G,Genito-urinary system and sex hormones,delta_DG_minus_D_AUROC,50,0.00849364210659934,0.0042396827086522,0.01704391566510891,0.7,0.00011374680137699045,0.001251214815146895
G,Genito-urinary system and sex hormones,delta_DG_minus_D_nDCG@10,50,0.02093028139058263,0.0,0.09734874521668915,0.42,0.15786624072643463,1.0
G,Genito-urinary system and sex hormones,delta_DG_minus_D_P@15,50,3.3306690738754695e-18,0.0,0.0699854212223765,0.2,0.7682963609695435,1.0
G,Genito-urinary system and sex hormones,delta_DG_minus_D_R@15,50,-0.0012314825085115273,0.0,0.07401742518535939,0.2,0.6230943202972412,1.0
H,Systemic hormonal preparations,delta_DG_minus_D_AP,17,0.0057051264430315165,0.0040564022042883,0.051550193960446876,0.5294117647058824,0.5790557861328125,1.0
H,Systemic hormonal preparations,delta_DG_minus_D_rare_AP,12,0.02762596262935245,0.00020249962464760003,0.05959033210458603,0.5,0.26611328125,1.0
H,Systemic hormonal preparations,delta_DG_minus_D_middle_AP,14,0.023331394830003266,0.00534573917695985,0.05221388843730749,0.7142857142857143,0.090576171875,0.54345703125
H,Systemic hormonal preparations,delta_DG_minus_D_nonhot100_AP,17,0.02636870968424633,0.0037511431451378,0.0593523361152083,0.6470588235294118,0.1323699951171875,0.7761184573173523
H,Systemic hormonal preparations,delta_DG_minus_D_AUROC,17,0.001617774556501294,0.0032005447735785,0.01155197346874228,0.5882352941176471,0.4873809814453125,1.0
H,Systemic hormonal preparations,delta_DG_minus_D_nDCG@10,17,-0.013922059451864947,-0.0071096986449711,0.08990247750513353,0.29411764705882354,0.5015869140625,1.0
H,Systemic hormonal preparations,delta_DG_minus_D_P@15,17,6.530723674265627e-18,0.0,0.08498365855987973,0.17647058823529413,0.640625,1.0
H,Systemic hormonal preparations,delta_DG_minus_D_R@15,17,-0.003099264316774572,0.0,0.05164208319538913,0.17647058823529413,0.84375,1.0
J,Antiinfectives for systemic use,delta_DG_minus_D_AP,105,0.010416795509065787,0.0037058227019775,0.03955518647851176,0.5904761904761905,0.017767189881025977,0.21320627857231172
J,Antiinfectives for systemic use,delta_DG_minus_D_rare_AP,66,0.024505593238937362,0.0004403407287345,0.1000102982668893,0.5757575757575758,0.05267100812344087,0.5793810893578495
J,Antiinfectives for systemic use,delta_DG_minus_D_middle_AP,82,0.02279886483066674,0.00248709742019535,0.07906926618619256,0.6463414634146342,0.002518687701856788,0.027705564720424666
J,Antiinfectives for systemic use,delta_DG_minus_D_nonhot100_AP,98,0.006498048179313086,0.00127255096365975,0.08315263961206776,0.6428571428571429,0.019624778406246515,0.17662300565621863
J,Antiinfectives for systemic use,delta_DG_minus_D_AUROC,105,0.0037452999807251913,0.0040774719673801,0.011328168042850022,0.6571428571428571,8.47772326718167e-05,0.0010173267920618005
J,Antiinfectives for systemic use,delta_DG_minus_D_nDCG@10,105,0.002551704106212334,0.0,0.06754523203235051,0.3904761904761905,0.39724857062678487,1.0
J,Antiinfectives for systemic use,delta_DG_minus_D_P@15,105,0.004444444444444443,0.0,0.06619491205346811,0.23809523809523808,0.7019049489862255,1.0
J,Antiinfectives for systemic use,delta_DG_minus_D_R@15,105,0.0018754547571752452,0.0,0.04579204454740927,0.23809523809523808,0.9123620684955398,1.0
L,Antineoplastic and immunomodulating agents,delta_DG_minus_D_AP,125,0.009431789372987769,0.0055925228025198,0.03397964987601141,0.632,0.0018050251016844953,0.025270351423582933
L,Antineoplastic and immunomodulating agents,delta_DG_minus_D_rare_AP,96,0.025405639488037896,0.00093439459115055,0.1558997093502857,0.6458333333333334,0.00027122890554810643,0.0035259757721253834
L,Antineoplastic and immunomodulating agents,delta_DG_minus_D_middle_AP,111,0.027876495386731717,0.0017566312406051,0.11587476796963955,0.6036036036036037,0.010730356316678569,0.10730356316678569
L,Antineoplastic and immunomodulating agents,delta_DG_minus_D_nonhot100_AP,123,0.016650965325453453,0.0048976067272156,0.05740173930503814,0.6341463414634146,0.002475611120860772,0.03218294457119003
L,Antineoplastic and immunomodulating agents,delta_DG_minus_D_AUROC,125,0.00701358958636231,0.0043421623968737,0.016382514753444575,0.664,6.181603713573101e-06,8.654245199002342e-05
L,Antineoplastic and immunomodulating agents,delta_DG_minus_D_nDCG@10,125,0.007832796861721844,0.0,0.06717069890300524,0.36,0.21178288647180676,1.0
L,Antineoplastic and immunomodulating agents,delta_DG_minus_D_P@15,125,0.0016000000000000018,0.0,0.06954228233426094,0.184,0.9554326987027508,1.0
L,Antineoplastic and immunomodulating agents,delta_DG_minus_D_R@15,125,0.003427412427535616,0.0,0.041204265268196136,0.184,0.37829825244853765,1.0
M,Musculo-skeletal system,delta_DG_minus_D_AP,30,-0.004390247139789877,-0.00300460220945765,0.03632964389478426,0.4,0.4161298982799053,1.0
M,Musculo-skeletal system,delta_DG_minus_D_rare_AP,18,0.0011138877242398329,-0.00010739083293878145,0.03080862281463953,0.4444444444444444,0.44229888916015625,1.0
M,Musculo-skeletal system,delta_DG_minus_D_middle_AP,17,-0.0037554337218478505,-0.0002712285994019,0.056931593366124654,0.47058823529411764,0.926513671875,1.0
M,Musculo-skeletal system,delta_DG_minus_D_nonhot100_AP,29,-0.00942613435443079,0.0008919810900008,0.033773535751588805,0.5862068965517241,0.7982758991420269,1.0
M,Musculo-skeletal system,delta_DG_minus_D_AUROC,30,0.00046323264071510944,-0.00050493438614625,0.010401495376972904,0.43333333333333335,0.9515264742076397,1.0
M,Musculo-skeletal system,delta_DG_minus_D_nDCG@10,30,-0.006653876527147845,0.0,0.07753686789427962,0.3,0.785365104675293,1.0
M,Musculo-skeletal system,delta_DG_minus_D_P@15,30,-0.01555555555555555,0.0,0.08152442848211745,0.23333333333333334,0.528167724609375,1.0
M,Musculo-skeletal system,delta_DG_minus_D_R@15,30,-0.004066710530157577,0.0,0.06187692505513866,0.23333333333333334,0.743560791015625,1.0
N,Nervous system,delta_DG_minus_D_AP,143,0.004696324027420747,0.0051902372908827,0.03269767560527618,0.5944055944055944,0.05205960829828851,0.4685364746845966
N,Nervous system,delta_DG_minus_D_rare_AP,100,0.0012253979678732753,0.00025896926790645,0.01762805019563571,0.56,0.2202876064085375,1.0
N,Nervous system,delta_DG_minus_D_middle_AP,121,0.016360649030247053,0.0041999904871509,0.07426168955436425,0.628099173553719,0.00016158018478226383,0.0021005424021694297
N,Nervous system,delta_DG_minus_D_nonhot100_AP,139,0.0007538275702205677,0.0033969156703844,0.06403387568490579,0.6330935251798561,0.07324293671620535,0.5859434937296428
N,Nervous system,delta_DG_minus_D_AUROC,143,0.0038666153728426616,0.0024404832069432,0.013372607927463235,0.6293706293706294,0.0001853628577289078,0.0018536285772890778
N,Nervous system,delta_DG_minus_D_nDCG@10,143,0.001869252847496286,0.0,0.05935161223110264,0.35664335664335667,0.9449077583919494,1.0
N,Nervous system,delta_DG_minus_D_P@15,143,-0.0009324009324009307,0.0,0.056494360506846655,0.22377622377622378,0.939300287009505,1.0
N,Nervous system,delta_DG_minus_D_R@15,143,0.0007689327833028765,0.0,0.02964325381345752,0.22377622377622378,0.941436396553294,1.0
P,Antiparasitic products,delta_DG_minus_D_AP,10,0.009830485148341601,-0.0002925359243785494,0.058746915115162474,0.5,1.0,1.0
P,Antiparasitic products,delta_DG_minus_D_rare_AP,3,-0.0009715872958183334,-0.0012157258818688,0.002428106760516382,0.3333333333333333,,
P,Antiparasitic products,delta_DG_minus_D_middle_AP,5,-0.000666998039661979,0.0002075996367658,0.0023294067980378363,0.8,0.625,
P,Antiparasitic products,delta_DG_minus_D_nonhot100_AP,8,0.00281442194130595,-0.00048127482265110003,0.06283060689940648,0.375,1.0,
P,Antiparasitic products,delta_DG_minus_D_AUROC,10,0.00748551647296225,0.00402054755613155,0.01191156406172057,0.9,0.048828125,0.244140625
P,Antiparasitic products,delta_DG_minus_D_nDCG@10,10,-0.0026728785653667188,-0.0045694271604982,0.06472144199767182,0.3,0.84375,1.0
P,Antiparasitic products,delta_DG_minus_D_P@15,10,0.0066666666666666706,0.0,0.10634209879115906,0.2,1.0,1.0
P,Antiparasitic products,delta_DG_minus_D_R@15,10,0.018087882266986748,0.0,0.09188504333864299,0.2,0.8125,1.0
R,Respiratory system,delta_DG_minus_D_AP,45,0.01643773553526402,0.0105405662637643,0.03705191314155697,0.6888888888888889,0.002848973117636433,0.03703665052927363
R,Respiratory system,delta_DG_minus_D_rare_AP,23,0.002808776625649367,0.0,0.006431730847126669,0.4782608695652174,0.21616744995117188,1.0
R,Respiratory system,delta_DG_minus_D_middle_AP,22,0.1430075499360863,0.005823521497331,0.29562356365618064,0.7272727272727273,0.02157115936279297,0.19414043426513672
R,Respiratory system,delta_DG_minus_D_nonhot100_AP,40,0.014147539502848139,0.0027599513637174,0.08294991002655977,0.675,0.015876221947110025,0.15876221947110025
R,Respiratory system,delta_DG_minus_D_AUROC,45,0.0059023691844264595,0.0044424019607842,0.0229254358194966,0.6888888888888889,0.0036142584670528777,0.021685550802317266
R,Respiratory system,delta_DG_minus_D_nDCG@10,45,0.0117363692411506,0.0,0.06868551068384345,0.4666666666666667,0.3964651001515449,1.0
R,Respiratory system,delta_DG_minus_D_P@15,45,0.013333333333333332,0.0,0.07049607769015923,0.3111111111111111,0.17933368682861328,1.0
R,Respiratory system,delta_DG_minus_D_R@15,45,0.011166170852744973,0.0,0.0936631783071776,0.3111111111111111,0.6010458469390869,1.0
S,Sensory organs,delta_DG_minus_D_AP,50,0.0027579722082627417,0.0007715113309571,0.028060971403510347,0.52,0.5398998476772991,1.0
S,Sensory organs,delta_DG_minus_D_rare_AP,38,0.011544434212860203,0.0005785661611024001,0.044484615126646004,0.631578947368421,0.04422121457173489,0.5306545748608187
S,Sensory organs,delta_DG_minus_D_middle_AP,39,0.05563099375834605,0.0026677210061649,0.20014297242497175,0.7435897435897436,0.002242355956695974,0.026908271480351686
S,Sensory organs,delta_DG_minus_D_nonhot100_AP,50,-0.0025115064039995553,0.001404125773568,0.06223862617785432,0.64,0.07719592312590784,0.5859434937296428
S,Sensory organs,delta_DG_minus_D_AUROC,50,0.0066583112638081724,0.00523531647918765,0.021449114154727042,0.76,6.206318512269604e-05,0.0008068214065950485
S,Sensory organs,delta_DG_minus_D_nDCG@10,50,-0.011447850719412473,0.0,0.06292320428028997,0.3,0.2363829233654542,1.0
S,Sensory organs,delta_DG_minus_D_P@15,50,-0.003999999999999991,0.0,0.08561899465012397,0.22,0.8739878535270691,1.0
S,Sensory organs,delta_DG_minus_D_R@15,50,-0.00747804923619811,0.0,0.04919521161274179,0.22,0.2996123433113098,1.0
Unmapped,Unmapped,delta_DG_minus_D_AP,6,-0.023053352632317253,-0.02227691750890705,0.014621322507806593,0.0,0.03125,
Unmapped,Unmapped,delta_DG_minus_D_rare_AP,6,0.009256846297273167,0.00371912609530945,0.013165713945872893,0.8333333333333334,0.0625,
Unmapped,Unmapped,delta_DG_minus_D_middle_AP,4,-6.271255326409971e-05,0.0003900056423866501,0.005865349048658771,0.5,,
Unmapped,Unmapped,delta_DG_minus_D_nonhot100_AP,6,-0.005306255330956167,0.0019682860990273996,0.02060993659849125,0.5,0.84375,
Unmapped,Unmapped,delta_DG_minus_D_AUROC,6,-0.0028369276280705517,-0.0017462947208167555,0.006790486134114515,0.3333333333333333,0.5625,
Unmapped,Unmapped,delta_DG_minus_D_nDCG@10,6,-0.003587054907111533,0.0,0.0062424026546220755,0.0,,
Unmapped,Unmapped,delta_DG_minus_D_P@15,6,-0.03333333333333333,-0.0333333333333333,0.06992058987801009,0.16666666666666666,,
Unmapped,Unmapped,delta_DG_minus_D_R@15,6,-0.012694731370084386,-0.0094339622641509,0.020260608554706495,0.16666666666666666,,
V,Various,delta_DG_minus_D_AP,32,0.009039742942892691,0.00830858918557275,0.0427352692574874,0.59375,0.5119121475145221,1.0
V,Various,delta_DG_minus_D_rare_AP,12,-0.003164100060896732,-0.00015957625115298792,0.023110030170928723,0.4166666666666667,0.6220703125,1.0
V,Various,delta_DG_minus_D_middle_AP,18,0.007895864468328916,3.086226239999999e-05,0.0375937342131557,0.5,0.7660293579101562,1.0
V,Various,delta_DG_minus_D_nonhot100_AP,32,0.02402351553928763,-3.183091418385001e-05,0.2047580078982676,0.5,0.7328818910755217,1.0
V,Various,delta_DG_minus_D_AUROC,32,0.0005471869839688378,0.00166153457964835,0.010990367597756246,0.5625,0.637883335351944,1.0
V,Various,delta_DG_minus_D_nDCG@10,32,0.003874384294563108,0.0024478686221761,0.05841625499657687,0.5,0.8078304156661034,1.0
V,Various,delta_DG_minus_D_P@15,32,0.008333333333333325,0.0,0.06720215050322466,0.375,0.231201171875,1.0
V,Various,delta_DG_minus_D_R@15,32,0.013773178141278706,0.0,0.06447512622884863,0.375,0.14385986328125,1.0
